Row,NERR Site ID ,Station Code,Station Name,Lat Long,Latitude , Longitude, Status, Active Dates, State, Reserve Name,Real Time,HADS ID,GMT Offset,Station Type,Region
1,ace                                               ,acebbnut  ,Big Bay                                 ,32° 29' 38.76 N - 80° 19' 26.76 W,32.4941,80.3241,Active    ,Feb 2002-,sc        ,Ashepoo Combahee Edisto Basin                     ,,,-5        ,2,2
2,ace                                               ,acebbwq   ,Big Bay                                 ,32° 29' 38.76 N - 80° 19' 26.76 W,32.4941,80.3241,Active    ,Mar 1995-,sc        ,Ashepoo Combahee Edisto Basin                     ,,,-5        ,1,2
3,ace                                               ,acebpmet  ,Bennett's Point                         ,32° 33' 33.64 N - 80° 27' 16.41 W,32.559344,80.454558,Active    ,Mar 2001-,sc        ,Ashepoo Combahee Edisto Basin                     ,R         ,3B01E672  ,-5        ,0,2
4,ace                                               ,acefcnut  ,Fishing Creek                           ,32° 38' 8.88 N - 80° 21' 55.80 W,32.6358,80.3655,Active    ,Mar 2002 -,sc        ,Ashepoo Combahee Edisto Basin                     ,,,-5        ,2,2
5,ace                                               ,acefcwq   ,Fishing Creek                           ,32° 38' 8.88 N - 80° 21' 55.80 W,32.6358,80.3655,Active    ,Oct 2002-,sc        ,Ashepoo Combahee Edisto Basin                     ,R         ,3B04B1CE  ,-5        ,1,2
6,ace                                               ,acemcnut  ,Mosquito Creek                          ,32° 33' 20.88 N - 80° 26' 16.80 W,32.5558,80.438,Active    ,Mar 2002-,sc        ,Ashepoo Combahee Edisto Basin                     ,,,-5        ,2,2
7,ace                                               ,acemcwq   ,Mosquito Creek                          ,32° 33' 20.88 N - 80° 26' 16.80 W,32.5558,80.438,Active    ,Oct 2002-,sc        ,Ashepoo Combahee Edisto Basin                     ,,,-5        ,1,2
8,ace                                               ,acercwq   ,Rock Creek                              ,32° 32' 54.60 N - 80° 30' 12.96 W,32.5485,80.5036,Inactive  ,Mar 1996-May 1996,sc        ,Ashepoo Combahee Edisto Basin                     ,,,-5        ,1,2
9,ace                                               ,acespnut  ,St. Pierre                              ,32° 31' 23.88 N - 80° 21' 24.48 W,32.5233,80.3568,Active    ,Jan 2002-,sc        ,Ashepoo Combahee Edisto Basin                     ,,,-5        ,2,2
10,ace                                               ,acespwq   ,St. Pierre                              ,32° 31' 23.88 N - 80° 21' 24.48 W,32.5233,80.3568,Active    ,Mar 1995-,sc        ,Ashepoo Combahee Edisto Basin                     ,R         ,3B02F20A  ,-5        ,1,2
11,apa                                               ,apacpnut  ,Cat Point                               ,29° 42' 7.68 N - 84° 52' 48.72 W,29.7021,84.8802,Active    ,Apr 2002-,fl        ,Apalachicola Bay                                  ,,,-5        ,2,4
12,apa                                               ,apacpwq   ,Cat Point                               ,29° 42' 7.68 N - 84° 52' 48.72 W,29.7021,84.8802,Active    ,Jan 2002-,fl        ,Apalachicola Bay                                  ,,,-5        ,1,4
13,apa                                               ,apadbnut  ,Dry Bar                                 ,29° 40' 28.92 N - 85° 3' 29.88 W,29.6747,85.0583,Active    ,Apr 2002-,fl        ,Apalachicola Bay                                  ,,,-5        ,2,4
14,apa                                               ,apadbwq   ,Dry Bar                                 ,29° 40' 28.92 N - 85° 3' 29.88 W,29.6747,85.0583,Active    ,Jan 2002-,fl        ,Apalachicola Bay                                  ,,,-5        ,1,4
15,apa                                               ,apaebmet  ,East Bay                                ,29° 47' 27.24 N - 84° 53' 0.24 W,29.7909,84.8834,Active    ,Jan 2001-,fl        ,Apalachicola Bay                                  ,R         ,3B01C09E  ,-5        ,0,4
16,apa                                               ,apaebnut  ,East Bay Bottom                         ,29° 47' 8.88 N - 84° 52' 30.72 W,29.7858,84.8752,Active    ,Apr 2002-,fl        ,Apalachicola Bay                                  ,,,-5        ,2,4
17,apa                                               ,apaebwq   ,East Bay Bottom                         ,29° 47' 8.88 N - 84° 52' 30.72 W,29.7858,84.8752,Active    ,May 1995-,fl        ,Apalachicola Bay                                  ,R         ,3B02D4E6  ,-5        ,1,4
18,apa                                               ,apaegnut  ,East Bay Bridge                         ,29° 43' 50.88 N - 84° 56' 42.72 W,29.7308,84.9452,Active    ,Apr 2002-,fl        ,Apalachicola Bay                                  ,,,-5        ,2,4
19,apa                                               ,apaesnut  ,East Bay Surface                        ,29° 47' 8.88 N - 84° 52' 30.72 W,29.7858,84.8752,Active    ,Apr 2002-,fl        ,Apalachicola Bay                                  ,,,-5        ,2,4
20,apa                                               ,apaeswq   ,East Bay Surface                        ,29° 47' 8.88 N - 84° 52' 30.72 W,29.7858,84.8752,Active    ,Apr 1995-,fl        ,Apalachicola Bay                                  ,,,-5        ,1,4
21,apa                                               ,apambnut  ,Mid Bay                                 ,29° 40' 3.72 N - 84° 59' 38.40 W,29.6677,84.994,Active    ,Apr 2002-,fl        ,Apalachicola Bay                                  ,,,-5        ,2,4
22,apa                                               ,apanhnut  ,Nicks Hole                              ,29° 39' 1.44 N - 84° 55' 44.04 W,29.6504,84.9289,Active    ,Apr 2002-,fl        ,Apalachicola Bay                                  ,,,-5        ,2,4
23,apa                                               ,apapcnut  ,Pilots Cove                             ,29° 36' 28.44 N - 85° 1' 10.56 W,29.6079,85.0196,Active    ,Apr 2002-,fl        ,Apalachicola Bay                                  ,,,-5        ,2,4
24,apa                                               ,aparvnut  ,River                                   ,29° 46' 44.76 N - 85° 2' 36.24 W,29.7791,85.0434,Active    ,Apr 2002-,fl        ,Apalachicola Bay                                  ,,,-5        ,2,4
25,apa                                               ,apascnut  ,Sikes Cut                               ,29° 36' 24.12 N - 84° 56' 48.12 W,29.6067,84.9467,Active    ,Apr 2002-,fl        ,Apalachicola Bay                                  ,,,-5        ,2,4
26,apa                                               ,apawpnut  ,West Pass                               ,29° 38' 16.44 N - 85° 5' 20.40 W,29.6379,85.089,Active    ,Apr 2002-,fl        ,Apalachicola Bay                                  ,,,-5        ,2,4
27,cbm                                               ,cbmipnut  ,Iron Pot Landing                        ,38° 47' 45.60 N - 76° 43' 14.88 W,38.796,76.7208,Active    ,Apr 2003-,md        ,Chesapeake Bay                                    ,,,-5        ,2,1
28,cbm                                               ,cbmipwq   ,Iron Pot Landing                        ,38° 47' 45.60 N - 76° 43' 14.88 W,38.796,76.7208,Active    ,Apr 2003-,md        ,Chesapeake Bay                                    ,,,-5        ,1,1
29,cbm                                               ,cbmjbmet  ,Jug Bay                                 ,38° 46' 50.52 N - 76° 42' 29.16 W,38.7807,76.7081,Active    ,Jul 2003-,md        ,Chesapeake Bay                                    ,R         ,3B0071EA  ,-5        ,0,1
30,cbm                                               ,cbmjbwq   ,Jug Bay                                 ,38° 46' 45.12 N - 76° 42' 27.72 W,38.7792,76.7077,Inactive  ,Jul 1995-Dec 2002,md        ,Chesapeake Bay                                    ,,,-5        ,1,1
31,cbm                                               ,cbmmcnut  ,Mataponi Creek                          ,38° 44' 35.88 N - 76° 42' 26.64 W,38.7433,76.7074,Active    ,Apr 2003-,md        ,Chesapeake Bay                                    ,,,-5        ,2,1
32,cbm                                               ,cbmmcwq   ,Mataponi Creek                          ,38° 44' 35.88 N - 76° 42' 26.64 W,38.7433,76.7074,Active    ,Apr 2003-,md        ,Chesapeake Bay                                    ,,,-5        ,1,1
33,cbm                                               ,cbmocnut  ,Otter Point Creek                       ,39° 27' 2.52 N - 76° 16' 28.56 W,39.4507,76.2746,Active    ,Apr 2003-,md        ,Chesapeake Bay                                    ,,,-5        ,2,1
34,cbm                                               ,cbmocwq   ,Otter Point Creek                       ,39° 27' 2.52 N - 76° 16' 28.56 W,39.4507,76.2746,Active    ,Apr 2003-,md        ,Chesapeake Bay                                    ,R         ,3B03D61C  ,-5        ,1,1
35,cbm                                               ,cbmprwq   ,Patuxent River                          ,38° 46' 23.52 N - 76° 42' 32.76 W,38.7732,76.7091,Inactive  ,Jul 1995-Dec 2002,md        ,Chesapeake Bay                                    ,,,-5        ,1,1
36,cbm                                               ,cbmrrnut  ,Railroad                                ,38° 46' 52.68 N - 76° 42' 49.32 W,38.7813,76.7137,Active    ,Apr 2003-,md        ,Chesapeake Bay                                    ,,,-5        ,2,1
37,cbm                                               ,cbmrrwq   ,Railroad                                ,38° 46' 52.68 N - 76° 42' 49.32 W,38.7813,76.7137,Active    ,Apr 2003-,md        ,Chesapeake Bay                                    ,R         ,3B00629C  ,-5        ,1,1
38,cbv                                               ,cbvcbnut  ,Claybank                                ,37° 20' 54.78 N - 76° 36' 40.43 W,37.34855,76.61123,Active    ,Jan 2002-,va        ,Chesapeake Bay                                    ,,,-5        ,2,1
39,cbv                                               ,cbvcbwq   ,Claybank                                ,37° 20' 47.99 N - 76° 36' 40.55 W,37.346665,76.611263,Active    ,Jan 2002-,va        ,Chesapeake Bay                                    ,,,-5        ,1,1
40,cbv                                               ,cbvcinut  ,Catlett Islands                         ,37° 17' 60.00 N - 76° 32' 60.00 W,37.30000,76.55000,Active    ,Jan 2002-,va        ,Chesapeake Bay                                    ,,,-5        ,2,1
41,cbv                                               ,cbvginut  ,Goodwin Islands                         ,37° 13' 2.60 N - 76° 23' 43.44 W,37.21739,76.3954,Active    ,Jan 2002-,va        ,Chesapeake Bay                                    ,,,-5        ,2,1
42,cbv                                               ,cbvgiwq   ,Goodwin Islands                         ,37° 12' 56.87 N - 76° 23' 33.63 W,37.215796,76.392675,Active    ,Oct 1997-,va        ,Chesapeake Bay                                    ,,3B00816E  ,-5        ,1,1
43,cbv                                               ,cbvshnut  ,Sweethall                               ,37° 34' 16.97 N - 76° 53' 3.26 W,37.57138,76.88424,Active    ,Jan 2002-,va        ,Chesapeake Bay                                    ,,,-5        ,2,1
44,cbv                                               ,cbvshwq   ,Sweethall                               ,37° 34' 16.97 N - 76° 53' 3.26 W,37.57138,76.88424,Active    ,Jan 2002-,va        ,Chesapeake Bay                                    ,R         ,3B03B3FA  ,-5        ,1,1
45,cbv                                               ,cbvtcmet  ,Taskinas Creek                          ,37° 24' 50.76 N - 76° 42' 44.53 W,37.4141,76.71237,Active    ,Jan 2001-,va        ,Chesapeake Bay                                    ,R         ,3B009218  ,-5        ,0,1
46,cbv                                               ,cbvtcnut  ,Taskinas Creek                          ,37° 24' 53.89 N - 76° 42' 51.88 W,37.41497,76.71441,Active    ,Jan 2002-,va        ,Chesapeake Bay                                    ,,,-5        ,2,1
47,cbv                                               ,cbvtcwq   ,Taskinas Creek                          ,37° 24' 53.95 N - 76° 42' 51.91 W,37.414986,76.71442,Active    ,Sep 1995-,va        ,Chesapeake Bay                                    ,,,-5        ,1,1
48,cbv                                               ,cbvybnut  ,York River Bridge                       ,37° 14' 41.64 N - 76° 30' 18.72 W,37.2449,76.5052,Active    ,Jan 2002-,va        ,Chesapeake Bay                                    ,,,-5        ,2,1
49,del                                               ,delbbnut  ,Beaver Branch                           ,39° 24' 8.64 N - 75° 37' 40.80 W,39.4024,75.628,Active    ,Feb 2002,de        ,Delaware                                          ,,,-5        ,2,1
50,del                                               ,delblnut  ,Blackbird Landing                       ,39° 23' 19.54 N - 75° 38' 9.60 W,39.38876,75.63600,Active    ,Jan 2002,de        ,Delaware                                          ,,,-5        ,2,1
51,del                                               ,delblwq   ,Blackbird Landing                       ,39° 23' 19.54 N - 75° 38' 9.60 W,39.38876,75.63600,Active    ,Aug 1995-,de        ,Delaware                                          ,,,-5        ,1,1
52,del                                               ,deldsnut  ,Division Street                         ,39° 9' 49.32 N - 75° 31' 8.76 W,39.1637,75.5191,Active    ,Jan 2002,de        ,Delaware                                          ,,,-5        ,2,1
53,del                                               ,deldswq   ,Division Street                         ,39° 9' 49.32 N - 75° 31' 8.76 W,39.1637,75.5191,Active    ,Jan 2002-,de        ,Delaware                                          ,,,-5        ,1,1
54,del                                               ,delllnut  ,Lebanon Landing                         ,39° 6' 51.84 N - 75° 29' 57.12 W,39.1144,75.4992,Active    ,Jan 2002,de        ,Delaware                                          ,,,-5        ,2,1
55,del                                               ,delllwq   ,Lebanon Landing                         ,39° 6' 51.84 N - 75° 29' 57.12 W,39.1144,75.4992,Active    ,Jan 2002-,de        ,Delaware                                          ,,,-5        ,1,1
56,del                                               ,delpbwq   ,Penrose Branch                          ,39° 9' 52.92 N - 75° 39' 1.44 W,39.1647,75.6504,Inactive  ,Jun 1996-Dec 2001,de        ,Delaware                                          ,,,-5        ,1,1
57,del                                               ,delsjmet  ,Saint Jones River                       ,39° 5' 20.04 N - 75° 26' 12.48 W,39.0889,75.4368,Active    ,Jan 2001-,de        ,Delaware                                          ,R         ,3B00F7FE  ,-5        ,0,1
58,del                                               ,delslnut  ,Scotton Landing                         ,39° 5' 5.93 N - 75° 27' 38.09 W,39.08498,75.46058,Active    ,Jan 2002,de        ,Delaware                                          ,,,-5        ,2,1
59,del                                               ,delslwq   ,Scotton Landing                         ,39° 5' 5.93 N - 75° 27' 38.09 W,39.08498,75.46058,Active    ,Jul 1995-,de        ,Delaware                                          ,R         ,3B00E488  ,-5        ,1,1
340,del                                               ,deltbnut  ,Taylor's Bridge                         ,39° 24' 17.6 N - 75° 35' 58.4 W,39.4049,75.5996,Active    ,Jan 2007-,de        ,Delaware                                          ,,,-5        ,2,1
60,elk                                               ,elkapnut  ,Azevedo Pond                            ,36° 50' 44.52 N - 121° 45' 13.68 W,36.8457,121.7538,Active    ,Apr 2002-,ca        ,Elkhorn Slough                                    ,,,-8        ,2,6
61,elk                                               ,elkapwq   ,Azevedo Pond                            ,36° 50' 44.52 N - 121° 45' 13.68 W,36.8457,121.7538,Active    ,Jun 1995-,ca        ,Elkhorn Slough                                    ,,,-8        ,1,6
62,elk                                               ,elkcwmet  ,Caspian Weather Station                 ,36° 49' 5.00 N - 121° 44' 21.82 W,36.818056,121.739394,Active    ,Jan 2001-,ca        ,Elkhorn Slough                                    ,R         ,3B0155FC  ,-8        ,0,6
63,elk                                               ,elknmnut  ,North Marsh                             ,36° 50' 4.56 N - 121° 44' 18.24 W,36.8346,121.7384,Active    ,Apr 2002-,ca        ,Elkhorn Slough                                    ,,,-8        ,2,6
64,elk                                               ,elknmwq   ,North Marsh                             ,36° 50' 4.56 N - 121° 44' 18.24 W,36.8346,121.7384,Active    ,Apr 1999-,ca        ,Elkhorn Slough                                    ,,,-8        ,1,6
65,elk                                               ,elksmnut  ,South Marsh                             ,36° 49' 4.44 N - 121° 44' 21.84 W,36.8179,121.7394,Active    ,Apr 2002-,ca        ,Elkhorn Slough                                    ,,,-8        ,2,6
66,elk                                               ,elksmwq   ,South Marsh                             ,36° 49' 4.44 N - 121° 44' 21.84 W,36.8179,121.7394,Active    ,Jun 1995-,ca        ,Elkhorn Slough                                    ,R         ,3B026768  ,-8        ,1,6
67,elk                                               ,elkvmnut  ,Vierra Mouth                            ,36° 48' 39.96 N - 121° 46' 45.22 W,36.8111,121.7792,Active    ,Apr 2002-,ca        ,Elkhorn Slough                                    ,,,-8        ,2,6
68,elk                                               ,elkvmwq   ,Vierra Mouth                            ,36° 48' 39.96 N - 121° 46' 45.22 W,36.8111,121.7792,Active    ,Mar 2001-,ca        ,Elkhorn Slough                                    ,R         ,3B04D428  ,-8        ,1,6
69,gnd                                               ,gndbcwq   ,Bayou Cumbest                           ,30° 23' 0.96 N - 88° 26' 11.04 W,30.3836,88.4364,Active    ,Mar 2004-,ms        ,Grand Bay                                         ,R         ,HTML7     ,-6        ,1,4
70,gnd                                               ,gndbhwq   ,Bayou Heron                             ,30° 25' 4.08 N - 88° 24' 19.44 W,30.4178,88.4054,Active    ,Jan 2004-,ms        ,Grand Bay                                         ,R         ,HTML5     ,-6        ,1,4
71,gnd                                               ,gndblwq   ,Bangs Lake                              ,30° 21' 25.56 N - 88° 27' 46.44 W,30.3571,88.4629,Active    ,Mar 2004-,ms        ,Grand Bay                                         ,R         ,HTML8     ,-6        ,1,4
72,gnd                                               ,gndcrwq   ,Crooked Bayou                           ,30° 21' 35.64 N - 88° 25' 8.40 W,30.3599,88.419,Inactive  ,Jan 2004-May 2004; Aug 2004-Aug 2005,ms        ,Grand Bay                                         ,,,-6        ,1,4
283,gnd                                               ,gndbhnut  ,Bayou Heron                             ,30° 25' 4.08 N - 88° 24' 19.44 W,30.4178,88.4054,Active    ,Feb 2005,ms        ,Grand Bay                                         ,,,-6        ,2,4
284,gnd                                               ,gndcrnut  ,Crooked Bayou                           ,30° 21' 32.76 N - 88° 25' 12.00 W,30.3591,88.4200,Inactive  ,Feb 2005 - July 2005,ms        ,Grand Bay                                         ,,,-6        ,2,4
285,gnd                                               ,gndpcnut  ,Point Aux Chenes                        ,30° 20' 54.96 N - 88° 25' 6.60 W,30.3486,88.4185,Active    ,Feb 2005,ms        ,Grand Bay                                         ,,,-6        ,2,4
286,gnd                                               ,gndbcnut  ,Bayou Cumbest                           ,30° 23' 0.96 N - 88° 26' 11.04 W,30.3836,88.4364,Active    ,Feb 2005,ms        ,Grand Bay                                         ,,,-6        ,2,4
287,gnd                                               ,gndblnut  ,Bangs Lake                              ,30° 21' 25.56 N - 88° 27' 46.44 W,30.3571,88.4629,Active    ,Feb 2005,ms        ,Grand Bay                                         ,,,-6        ,2,4
288,gnd                                               ,gndbnnut  ,Bangs Lake North                        ,30° 22' 0.84 N - 88° 28' 15.60 W,30.3669,88.471,Active    ,Feb 2005,ms        ,Grand Bay                                         ,,,-6        ,2,4
276,gnd                                               ,gndpcwq   ,Point Aux Chenes Bay                    ,30° 20' 54.96 N - 88° 25' 6.60 W,30.3486,88.4185,Active    ,Aug 2005-,ms        ,Grand Bay                                         ,R         ,HTML6     ,-6        ,1,4
277,gnd                                               ,gndcrmet  ,Crooked Bayou                           ,30° 21' 33.12 N - 88° 25' 12.00 W,30.3592,88.4200,Active    ,Aug 2004-,ms        ,Grand Bay                                         ,R         ,3B0190E2  ,-6        ,0,4
281,grb                                               ,grbglmet  ,Greenland                               ,43° 3' 31.56 N - 70° 49' 49.38 W,43.058768,70.830383,Active    ,Oct 2005-,nh        ,Great Bay                                         ,R         ,3B023714  ,-5        ,0,0
73,grb                                               ,grbgbmet  ,Great Bay                               ,43° 5' 31.56 N - 70° 51' 51.12 W,43.0921,70.8642,Inactive  ,Jul 2001-Oct 2005,nh        ,Great Bay                                         ,,,-5        ,0,0
74,grb                                               ,grbgbnut  ,Great Bay                               ,43° 4' 19.92 N - 70° 52' 9.84 W,43.0722,70.8694,Active    ,Apr 2002-,nh        ,Great Bay                                         ,,,-5        ,2,0
75,grb                                               ,grbgbwq   ,Great Bay                               ,43° 4' 19.92 N - 70° 52' 9.84 W,43.0722,70.8694,Active    ,Jul 1995-,nh        ,Great Bay                                         ,R         ,HTML9     ,-5        ,1,0
76,grb                                               ,grblrnut  ,Lamprey River                           ,43° 4' 48.00 N - 70° 56' 3.84 W,43.08,70.9344,Active    ,Apr 2002-,nh        ,Great Bay                                         ,,,-5        ,2,0
77,grb                                               ,grblrwq   ,Lamprey River                           ,43° 4' 48.00 N - 70° 56' 3.84 W,43.08,70.9344,Active    ,Oct 1998-,nh        ,Great Bay                                         ,R         ,HTML10    ,-5        ,1,0
78,grb                                               ,grbornut  ,Oyster River                            ,43° 8' 2.40 N - 70° 54' 39.60 W,43.134,70.911,Active    ,May 2002-,nh        ,Great Bay                                         ,,,-5        ,2,0
79,grb                                               ,grborwq   ,Oyster River                            ,43° 8' 2.40 N - 70° 54' 39.60 W,43.134,70.911,Active    ,Apr 2002-,nh        ,Great Bay                                         ,R         ,3B03437E  ,-5        ,1,0
80,grb                                               ,grbsqnut  ,Squamscott River                        ,43° 2' 29.76 N - 70° 55' 19.20 W,43.052403, 70.911811,Active    ,Apr 2002-,nh        ,Great Bay                                         ,,,-5        ,2,0
81,grb                                               ,grbsqwq   ,Squamscott River                        ,43° 2' 29.76 N - 70° 55' 19.20 W,43.052403, 70.911811,Active    ,Jul 1997-,nh        ,Great Bay                                         ,R         ,HTML11    ,-5        ,1,0
82,gtm                                               ,gtmfmnut  ,Fort Matanzas                           ,29° 44' 13.20 N - 81° 14' 45.60 W,29.737041,81.245953,Active    ,May 2002-,fl        ,Guana Tolomato Mantanzas                          ,,,-5        ,2,2
83,gtm                                               ,gtmfmwq   ,Fort Matanzas                           ,29° 44' 13.20 N - 81° 14' 45.60 W,29.737041,81.245953,Active    ,Jan 2001-,fl        ,Guana Tolomato Mantanzas                          ,,,-5        ,1,2
84,gtm                                               ,gtmpcmet  ,Pellicer Creek                          ,29° 39' 28.08 N - 81° 13' 58 W,29.657702,81.232743,Active    ,Sep 2002-,fl        ,Guana Tolomato Mantanzas                          ,R         ,3B01B60E  ,-5        ,0,2
85,gtm                                               ,gtmpcnut  ,Pellicer Creek                          ,29° 40' 01 N - 81° 15' 27 W,29.667071,81.257403,Active    ,May 2002-,fl        ,Guana Tolomato Mantanzas                          ,,,-5        ,2,2
86,gtm                                               ,gtmpcwq   ,Pellicer Creek                          ,29° 40' 01 N - 81° 15' 27 W,29.667071,81.257403,Active    ,Feb 2002-,fl        ,Guana Tolomato Mantanzas                          ,R         ,3B02C790  ,-5        ,1,2
87,gtm                                               ,gtmpinut  ,Pine Island                             ,30° 3' 2.88 N - 81° 22' 3.00 W,30.050857,81.367465,Active    ,May 2002-,fl        ,Guana Tolomato Mantanzas                          ,,,-5        ,2,2
88,gtm                                               ,gtmpiwq   ,Pine Island                             ,30° 3' 2.88 N - 81° 22' 3.00 W,30.050857,81.367465,Active    ,Jan 2001-,fl        ,Guana Tolomato Mantanzas                          ,,,-5        ,1,2
89,gtm                                               ,gtmssnut  ,San Sebastian                           ,29° 52' 08 N - 81° 18' 27 W,29.868851,81.307428,Active    ,May 2002-,fl        ,Guana Tolomato Mantanzas                          ,,,-5        ,2,2
90,gtm                                               ,gtmsswq   ,San Sebastian                           ,29° 52' 08 N - 81° 18' 27 W,29.868851,81.307428,Active    ,Feb 2002-,fl        ,Guana Tolomato Mantanzas                          ,,,-5        ,1,2
91,hud                                               ,hudfsmet  ,Field Station                           ,42° 1' 5.52 N - 73° 55' 1.20 W,42.0182,73.917,Active    ,Jan 2001-,ny        ,Hudson River                                      ,R         ,3B00B4F4  ,-5        ,0,0
92,hud                                               ,hudscnut  ,Stony Creek                             ,42° 2' 46.68 N - 73° 54' 38.88 W,42.0463,73.9108,Active    ,Feb 2002-,ny        ,Hudson River                                      ,,,-5        ,2,0
93,hud                                               ,hudscwq   ,Stony Creek                             ,42° 2' 46.68 N - 73° 54' 38.88 W,42.0463,73.9108,Active    ,Apr 2002-,ny        ,Hudson River                                      ,,,-5        ,1,0
94,hud                                               ,hudsknut  ,Saw Kill                                ,42° 1' 1.56 N - 73° 54' 53.28 W,42.0171,73.9148,Active    ,Feb 2002-,ny        ,Hudson River                                      ,,,-5        ,2,0
95,hud                                               ,hudskwq   ,Saw Kill                                ,42° 1' 1.56 N - 73° 54' 53.28 W,42.0171,73.9148,Active    ,May 1995-,ny        ,Hudson River                                      ,R         ,,-5        ,1,0
96,hud                                               ,hudtnnut  ,Tivoli North Bay                        ,42° 2' 11.40 N - 73° 55' 31.08 W,42.0365,73.9253,Active    ,Feb 2002-,ny        ,Hudson River                                      ,,,-5        ,2,0
97,hud                                               ,hudtnwq   ,Tivoli North Bay                        ,42° 2' 11.40 N - 73° 55' 31.08 W,42.0365,73.9253,Active    ,Jul 1996-Dec 1996; Jul 1999-,ny        ,Hudson River                                      ,,3B03A08C  ,-5        ,1,0
98,hud                                               ,hudtsnut  ,Tivoli South Bay                        ,42° 1' 37.20 N - 73° 55' 33.24 W,42.027,73.9259,Active    ,Feb 2002-,ny        ,Hudson River                                      ,,,-5        ,2,0
99,hud                                               ,hudtswq   ,Tivoli South Bay                        ,42° 1' 37.20 N - 73° 55' 33.24 W,42.027,73.9259,Active    ,May 1995-,ny        ,Hudson River                                      ,,3B00A782  ,-5        ,1,0
127,jac                                               ,jacb5nut  ,Buoy 115                                ,39° 31' 7.68 N - 74° 17' 13.92 W,39.5188,74.2872,Active    ,Feb 2002-,nj        ,Jacques Cousteau                                  ,,,-5        ,2,1
128,jac                                               ,jacb6nut  ,Buoy 126                                ,39° 30' 28.44 N - 74° 20' 18.67 W,39.5079,74.3385,Active    ,Feb 2002-,nj        ,Jacques Cousteau                                  ,,,-5        ,2,1
129,jac                                               ,jacb6wq   ,Buoy 126                                ,39° 30' 28.44 N - 74° 20' 18.67 W,39.5079,74.3385,Active    ,Aug 1996-,nj        ,Jacques Cousteau                                  ,R         ,3B00C264  ,-5        ,1,1
130,jac                                               ,jacb9nut  ,Buoy 139                                ,39° 29' 24.65 N - 74° 22' 53.83 W,39.4902,74.3816,Active    ,Feb 2002-,nj        ,Jacques Cousteau                                  ,,,-5        ,2,1
131,jac                                               ,jacb9wq   ,Buoy 139                                ,39° 29' 24.65 N - 74° 22' 53.83 W,39.4902,74.3816,Active    ,Aug 1996-Dec 1998; May 2002-,nj        ,Jacques Cousteau                                  ,,,-5        ,1,1
132,jac                                               ,jacbanut  ,Lower Bank                              ,39° 35' 37.18 N - 74° 33' 5.44 W,39.5937,74.5515,Active    ,Feb 2002-,nj        ,Jacques Cousteau                                  ,,,-5        ,2,1
133,jac                                               ,jacbawq   ,Lower Bank                              ,39° 35' 37.18 N - 74° 33' 5.44 W,39.5937,74.5515,Active    ,Oct 1996-,nj        ,Jacques Cousteau                                  ,,,-5        ,1,1
134,jac                                               ,jacncmet  ,Nacote Creek                            ,39° 32' 6.00 N - 74° 27' 48.96 W,39.535,74.4636,Active    ,Oct 2002-,nj        ,Jacques Cousteau                                  ,R         ,3B00D112  ,-5        ,0,1
135,jac                                               ,jacnenut  ,Chestnut Neck                           ,39° 32' 52.37 N - 74° 27' 38.77 W,39.5479,74.4608,Active    ,Feb 2002-,nj        ,Jacques Cousteau                                  ,,,-5        ,2,1
136,jac                                               ,jacnewq   ,Chestnut Neck                           ,39° 32' 52.37 N - 74° 27' 38.77 W,39.5479,74.4608,Active    ,Aug 1996-,nj        ,Jacques Cousteau                                  ,R         ,3B03E386  ,-5        ,1,1
100,job                                               ,job06wq   ,Station 6                               ,17° 56'5.95 N - 66° 13' 40.56 W,17.934986,66.227933,Inactive  ,Dec 1996-Dec 1998,pr        ,Jobos Bay                                         ,,,-4        ,1,3
101,job                                               ,job09nut  ,Station 9                               ,17° 56' 37.21 N - 66° 14' 18.55 W,17.943669,66.238486,Active    ,Jul 2002-,pr        ,Jobos Bay                                         ,,,-4        ,2,3
102,job                                               ,job09wq   ,Station 9                               ,17° 56' 37.21 N - 66° 14' 18.55 W,17.943669,66.238486,Active    ,Dec 1995-,pr        ,Jobos Bay                                         ,R         ,3B0424AC  ,-4        ,1,3
103,job                                               ,job10nut  ,Station 10                              ,17° 56' 19.00 N - 66° 15' 27.85 W,17.938611,66.257736,Active    ,Jul 2002-,pr        ,Jobos Bay                                         ,,,-4        ,2,3
104,job                                               ,job10wq   ,Station 10                              ,17° 56' 19.00 N - 66° 15' 27.85 W,17.938611,66.257736,Active    ,Feb 1996-,pr        ,Jobos Bay                                         ,,,-4        ,1,3
105,job                                               ,job11wq   ,Station 11                              ,17° 56' 40.59 N - 66° 15' 43.30 W,17.944608,66.262028,Inactive  ,Mar 1996-Dec 1998,pr        ,Jobos Bay                                         ,,,-4        ,1,3
106,job                                               ,job18wq   ,Station 18                              ,17° 56' 39.96 N - 66° 13' 54.77 W,17.944433,66.231881,Inactive  ,Oct 1998- Nov 1998,pr        ,Jobos Bay                                         ,,,-4        ,1,3
107,job                                               ,job19nut  ,Station 19                              ,17° 56' 34.49 N - 66° 13' 43.77 W,17.942914,66.228825,Active    ,Jul 2002-,pr        ,Jobos Bay                                         ,,,-4        ,2,3
108,job                                               ,job19wq   ,Station 19                              ,17° 56' 34.49 N - 66° 13' 43.77 W,17.942914,66.228825,Active    ,Apr 2002-,pr        ,Jobos Bay                                         ,,,-4        ,1,3
109,job                                               ,job20nut  ,Station 20                              ,17° 55' 49.14 N - 66° 12' 41.30 W,17.930317,66.211472,Active    ,Jul 2002-,pr        ,Jobos Bay                                         ,,,-4        ,2,3
110,job                                               ,job20wq   ,Station 20                              ,17° 55' 49.14 N - 66° 12' 41.30 W,17.930317,66.211472,Active    ,May 2002-,pr        ,Jobos Bay                                         ,R         ,3B0297EC  ,-4        ,1,3
111,job                                               ,jobjbmet  ,Jobos Bay Weather                       ,17° 57' 23.34 N - 66° 13' 22.56 W,17.956483,66.2229333,Active    ,Jan 2001-,pr        ,Jobos Bay                                         ,R         ,3B018394  ,-4        ,0,3
112,kac                                               ,kacbcwq   ,Bear Cove                               ,59° 42' 20.41 N - 151° 3' 33.84 W,59.70567,151.1094,Inactive  ,Jun 2002-Dec 2003,ak        ,Kachemak Bay                                      ,,,-9        ,1,7
113,kac                                               ,kacdlwq   ,Homer Dolphin                           ,59° 36' 8.34N - 151° 24' 36.00 W,59.60232,151.41000,Inactive  ,Oct 2002-Dec 2002,ak        ,Kachemak Bay                                      ,,,-9        ,1,7
114,kac                                               ,kachdnut  ,Homer Deep                              ,59° 36' 7.24 N - 151° 24' 31.61 W,59.60201,151.40878,Active    ,Feb 2002-,ak        ,Kachemak Bay                                      ,,,-9        ,2,7
115,kac                                               ,kachdwq   ,Homer Dolphin Deep                      ,59° 36' 7.24 N - 151° 24' 31.61 W,59.60201,151.40878,Active    ,Jan 2003-,ak        ,Kachemak Bay                                      ,R         ,3B00077A  ,-9        ,1,7
116,kac                                               ,kachhnut  ,Homer Harbor                            ,59° 36' 12.31 N - 151° 25' 2.14 W,59.60342,151.41726,Active    ,Feb 2002-,ak        ,Kachemak Bay                                      ,,,-9        ,2,7
117,kac                                               ,kachomet  ,Homer                                   ,59° 36' 3.35 N - 151° 24' 34.20 W,59.60093,151.4095,Active    ,Jan 2002-,ak        ,Kachemak Bay                                      ,R         ,3B00140C  ,-9        ,0,7
118,kac                                               ,kachowq   ,Homer                                   ,59° 36' 8.34 N - 151° 24' 36.00 W,59.60232,151.41000,Inactive  ,Jul 2001-Nov 2002,ak        ,Kachemak Bay                                      ,,,-9        ,1,7
119,kac                                               ,kachsnut  ,Homer Shallow                           ,59° 36' 7.24 N - 151° 24' 31.61 W,59.60201,151.40878,Active    ,Feb 2002-,ak        ,Kachemak Bay                                      ,,,-9        ,2,7
120,kac                                               ,kachswq   ,Homer Dolphin Surface                   ,59° 36' 7.24 N - 151° 24' 31.61 W,59.60201,151.40878,Inactive  ,Feb 2004-Nov 2011,ak        ,Kachemak Bay                                      ,,,-9        ,1,7
121,kac                                               ,kacpgwq   ,Port Graham                             ,59° 22' 13.91 N - 151° 53' 46.03 W,59.37053,151.89612,Inactive  ,Jun 2002-Sep 2003,ak        ,Kachemak Bay                                      ,,,-9        ,1,7
122,kac                                               ,kacsdnut  ,Seldovia Deep                           ,59° 26' 27.56 N - 151° 43' 15.46 W,59.44099,151.72096,Active    ,Feb 2002-,ak        ,Kachemak Bay                                      ,,,-9        ,2,7
123,kac                                               ,kacsdwq   ,Seldovia Deep                           ,59° 26' 27.56 N - 151° 43' 15.46 W,59.44099,151.72096,Active    ,Jan 2004-,ak        ,Kachemak Bay                                      ,R         ,3B040240  ,-9        ,1,7
124,kac                                               ,kacsewq   ,Seldovia                                ,59° 26' 27.56 N - 151° 43' 15.46 W,59.44099,151.72096,Inactive  ,Aug 2001-Dec 2003,ak        ,Kachemak Bay                                      ,,,-9        ,1,7
125,kac                                               ,kacssnut  ,Seldovia Shallow                        ,59° 26' 27.56 N - 151° 43' 15.46 W,59.44099,151.72096,Active    ,Feb 2002-,ak        ,Kachemak Bay                                      ,,,-9        ,2,7
126,kac                                               ,kacsswq   ,Seldovia Surface                        ,59° 26' 27.56 N - 151° 43' 15.46 W,59.44099,151.72096,Active    ,Jan 2004-,ak        ,Kachemak Bay                                      ,,,-9        ,1,7
351,kac                                               ,kach3wq   ,Homer Surface 3                         ,59° 36' 7.38 N - 151° 24' 33.90 W,59.60205,151.40942,Active    ,Jun 2012 -,AK        ,Kachemak Bay                                      ,,,-9        ,1,6
358,lks                                               ,lksolwq   ,Oliver Bridge                           ,46° 39' 24.66 N - 92° 12' 5.98 W,46.65685,92.20166,Active    ,Jul 2012 -,WI        ,Lake Superior                                     ,R         ,,-6        ,1,5
359,lks                                               ,lkspomet  ,Pokegama Bay                            ,46° 40' 20.50 N - 92° 8' 8.21 W,46.672360,92.135614,Active    ,Aug 2013 -,WI        ,Lake Superior                                     ,R         ,3B048454  ,-6        ,0,5
361,lks                                               ,lksblwq   ,Blatnick Bridge                         ,46° 44' 55.14 N - 92° 06' 0.97 W,46.748649,92.10027,Active    ,Jul 2012 -,WI        ,Lake Superior                                     ,,,-6        ,1,5
362,lks                                               ,lksbawq   ,Barker's Island                         ,46° 43' 18.38 N - 92° 03' 48.67 W,46.721772,92.06352,Active    ,Jun 2012 -,WI        ,Lake Superior                                     ,R         ,,-6        ,1,5
374,lks                                               ,lksbanut  ,Barker's Island                         ,46° 43' 18.38 N - 92° 03' 48.67 W,46.721772,92.06352,Active    ,May 2012 -,WI        ,Lake Superior                                     ,,,-6        ,2,5
375,lks                                               ,lksblnut  ,Blatnick Bridge                         ,46° 44' 55.14 N - 92° 06' 0.97 W,46.748649,92.10027,Active    ,May 2012 -,WI        ,Lake Superior                                     ,,,-6        ,2,5
376,lks                                               ,lksbonut  ,Bong Bridge                             ,46° 43' 54.08 N - 92° 8' 33.25 W,46.73169,92.14257,Active    ,May 2012 -,WI        ,Lake Superior                                     ,,,-6        ,2,5
377,lks                                               ,lksolnut  ,Oliver Bridge                           ,46° 39' 24.66 N - 92° 12' 5.98 W,46.65685,92.20166,Active    ,May 2012 -,WI        ,Lake Superior                                     ,,,-6        ,2,5
383,lks                                               ,lkspowq   ,Pokegama Bay                            ,46° 40' 20.50 N - 92° 8' 8.21 W,46.672360,92.135614,Active    ,Oct 2013 -,WI        ,Lake Superior                                     ,,,-6        ,1,5
299,mar                                               ,marscwq   ,Ship Channel                            ,27° 50' 17.88 N - 97° 3' 0.0 W,27.8383,97.0503,Active    ,Aug 2007 -,tx        ,Mission Aransas                                   ,R         ,HTML3     ,-6        ,1,4
291,mar                                               ,marcewq   ,Copano Bay East                         ,28° 7' 56.28 N - 97° 2' 3.84 W,28.1323,97.0344,Active    ,Apr 2007-,tx        ,Mission Aransas                                   ,R         ,HTML1     ,-6        ,1,4
292,mar                                               ,marabwq   ,Aransas Bay                             ,27° 58' 47.28 N - 97° 1' 43.32 W,27.9798,97.0287,Active    ,Apr 2007-,tx        ,Mission Aransas                                   ,R         ,3B038660  ,-6        ,1,4
294,mar                                               ,marmbwq   ,Mesquite Bay                            ,28° 8' 18.24 N - 96° 49' 42.60 W,28.1384,96.8285,Active    ,Jan 2008-,tx        ,Mission Aransas                                   ,R         ,HTML2     ,-6        ,1,4
295,mar                                               ,marcwwq   ,Copano Bay West                         ,28° 5' 2.76 N - 97° 12' 3.24 W,28.0841,97.2009,Active    ,Jul 2007-,tx        ,Mission Aransas                                   ,R         ,HTML4     ,-6        ,1,4
296,mar                                               ,marcemet  ,Copano East                             ,28° 7' 56.28 N - 97° 2' 3.84 W,28.1323,97.0344,Active    ,Nov 2006,tx        ,Mission Aransas                                   ,R         ,3B039516  ,-6        ,0,4
341,mar                                               ,marmbnut  ,Mesquite Bay                            ,28° 8' 18.24 N - 96° 49' 42.60 W,28.1384,96.8285,Active    ,Jan 2008 -,tx        ,Mission Aransas                                   ,,,-6        ,2,4
334,mar                                               ,marabnut  ,Aransas Bay                             ,27° 58' 47.28 N - 97° 1' 43.32 W,27.9798,97.0287,Active    ,Jun 2007 -,tx        ,Mission Aransas                                   ,,,-6        ,2,4
335,mar                                               ,marcenut  ,Copano Bay East                         ,28° 7' 56.28 N - 97° 2' 3.84 W,28.1323,97.0344,Active    ,Jun 2007 -,tx        ,Mission Aransas                                   ,,,-6        ,2,4
336,mar                                               ,marcwnut  ,Copano Bay West                         ,28° 5' 2.76 N - 97° 12' 3.24 W,28.0841,97.2009,Active    ,Jun 2007 -,tx        ,Mission Aransas                                   ,,,-6        ,2,4
337,mar                                               ,marscnut  ,Ship Channel                            ,27° 50' 17.88 N - 97° 3' 0.0 W,27.8383 ,97.0503,Active    ,Jun 2007 -,tx        ,Mission Aransas                                   ,,,-6        ,2,4
137,nar                                               ,narncnut  ,Nag Creek                               ,41° 37' 29.46 N - 71° 19' 27.42 W,41.624850,71.324283,Active    ,Mar 2002-,ri        ,Narragansett Bay                                  ,,,-5        ,2,0
138,nar                                               ,narncwq   ,Nag Creek                               ,41° 37' 29.46 N - 71° 19' 27.42 W,41.624850,71.324283,Active    ,Mar 2002-,ri        ,Narragansett Bay                                  ,,,-5        ,1,0
139,nar                                               ,narpcmet  ,Potters Cove                            ,41° 38' 13.70 N - 71° 20' 21.79 W,41.637139,71.339386,Active    ,Jan 2001-,ri        ,Narragansett Bay                                  ,R         ,3B0211F8  ,-5        ,0,0
140,nar                                               ,narpcnut  ,Potters Cove                            ,41° 38' 25.98 N - 71° 20' 27.17 W,41.640550,71.340881,Active    ,Mar 2002-,ri        ,Narragansett Bay                                  ,,,-5        ,2,0
141,nar                                               ,narpcwq   ,Potters Cove                            ,41° 38' 25.98 N - 71° 20' 27.17 W,41.640550,71.340881,Active    ,Dec 1995-,ri        ,Narragansett Bay                                  ,,,-5        ,1,0
142,nar                                               ,nartbnut  ,T-Wharf Bottom                          ,41° 34' 42.10 N - 71° 19' 16.05 W,41.578361,71.321125,Active    ,Mar 2002-,ri        ,Narragansett Bay                                  ,,,-5        ,2,0
143,nar                                               ,nartbwq   ,T-Wharf Bottom                          ,41° 34' 42.10 N - 71° 19' 16.05 W,41.578361,71.321125,Active    ,Jul 2002-,ri        ,Narragansett Bay                                  ,R         ,3B0335EE  ,-5        ,1,0
144,nar                                               ,nartsnut  ,T-Wharf Surface                         ,41° 34' 42.10 N - 71° 19' 16.05 W,41.578361,71.321125,Active    ,Mar 2002-,ri        ,Narragansett Bay                                  ,,,-5        ,2,0
145,nar                                               ,nartswq   ,T-Wharf Surface                         ,41° 34' 42.10 N - 71° 19' 16.05 W,41.578361,71.321125,Active    ,Jul 2002-,ri        ,Narragansett Bay                                  ,,,-5        ,1,0
146,nar                                               ,nartwnut  ,T-Wharf                                 ,41° 34' 44.04 N - 71° 19' 17.40 W,41.5789,71.3215,Inactive  ,Mar 2002-Jun 2002,ri        ,Narragansett Bay                                  ,,,-5        ,2,0
147,nar                                               ,nartwwq   ,T-Wharf                                 ,41° 34' 44.04 N - 71° 19' 17.40 W,41.5789,71.3215,Inactive  ,Sep 1996- Jul 2002,ri        ,Narragansett Bay                                  ,,,-5        ,1,0
148,niw                                               ,niwcawq   ,Caledonia                               ,33° 27' 0.00 N - 79° 10' 0.12 W,33.45,79.1667,Inactive  ,Jun 1995-Dec 1995,sc        ,North Inlet-Winyah Bay                            ,,,-5        ,1,2
149,niw                                               ,niwcbnut  ,Clambank                                ,33° 20' 1.91 N - 79° 11' 34.95 W,33.3338636,79.1930411,Active    ,Jan 2002-,sc        ,North Inlet-Winyah Bay                            ,,,-5        ,2,2
150,niw                                               ,niwcbwq   ,Clambank                                ,33° 20' 1.91 N - 79° 11' 34.95 W,33.3338636,79.1930411,Active    ,Aug 2001-,sc        ,North Inlet-Winyah Bay                            ,,,-5        ,1,2
151,niw                                               ,niwdcnut  ,Debidue Creek                           ,33° 21' 36.53 N - 79° 10' 2.85 W,33.3601486,79.1674572,Active    ,Jan 2002-,sc        ,North Inlet-Winyah Bay                            ,,,-5        ,2,2
152,niw                                               ,niwdcwq   ,Debidue Creek                           ,33° 21' 36.53 N - 79° 10' 2.85 W,33.3601486,79.1674572,Active    ,Mar 1998-,sc        ,North Inlet-Winyah Bay                            ,R         ,3B049722  ,-5        ,1,2
153,niw                                               ,niwolmet  ,Oyster Landing                          ,33° 20' 57.66 N - 79° 11' 19.97 W,33.3493511,79.1888819,Active    ,Jan 2001-,sc        ,North Inlet-Winyah Bay                            ,R         ,3B01F504  ,-5        ,0,2
154,niw                                               ,niwolnut  ,Oyster Landing                          ,33° 20' 57.66 N - 79° 11' 19.97 W,33.3493511,79.1888819,Active    ,Jan 2002-,sc        ,North Inlet-Winyah Bay                            ,,,-5        ,2,2
155,niw                                               ,niwolwq   ,Oyster Landing                          ,33° 20' 57.66 N - 79° 11' 19.97 W,33.3493511,79.1888819,Active    ,Jan 1996-,sc        ,North Inlet-Winyah Bay                            ,R         ,3B031302  ,-5        ,1,2
156,niw                                               ,niwtanut  ,Thousand Acre                           ,33° 17' 56.93 N - 79° 15' 21.80 W,33.2991461,79.2560564,Active    ,Jan 2002-,sc        ,North Inlet-Winyah Bay                            ,,,-5        ,2,2
157,niw                                               ,niwtawq   ,Thousand Acre                           ,33° 17' 56.93 N - 79° 15' 21.80 W,33.2991461,79.2560564,Active    ,Jan 1995-,sc        ,North Inlet-Winyah Bay                            ,,,-5        ,1,2
158,noc                                               ,nocecnut  ,East Cribbing                           ,33° 56' 23.64 N - 77° 56' 27.96 W,33.9399,77.9411,Active    ,Apr 2002-,nc        ,North Carolina                                    ,,,-5        ,2,2
159,noc                                               ,nocecwq   ,East Cribbing                           ,33° 56' 23.64 N - 77° 56' 27.96 W,33.9399,77.9411,Active    ,May 1994-,nc        ,North Carolina                                    ,,,-5        ,1,2
160,noc                                               ,noclcnut  ,Loosin Creek                            ,34° 10' 19.92 N - 77° 49' 58.08 W,34.1722,77.8328,Active    ,Apr 2002-,nc        ,North Carolina                                    ,,,-5        ,2,2
161,noc                                               ,noclcwq   ,Loosin Creek                            ,34° 10' 19.92 N - 77° 49' 58.08 W,34.1722,77.8328,Active    ,Feb 2002-,nc        ,North Carolina                                    ,,,-5        ,1,2
163,noc                                               ,nocrcmet  ,Research Creek                          ,34° 9' 19.80 N - 77° 51' 3.24 W,34.1555,77.8509,Active    ,Jan 2001-,nc        ,North Carolina                                    ,R         ,3B02028E  ,-5        ,0,2
164,noc                                               ,nocrcnut  ,Research Creek                          ,34° 9' 21.60 N - 77° 50' 59.64 W,34.156,77.8499,Active    ,Apr 2002-,nc        ,North Carolina                                    ,,,-5        ,2,2
165,noc                                               ,nocrcwq   ,Research Creek                          ,34° 9' 21.60 N - 77° 50' 59.64 W,34.156,77.8499,Active    ,May 1994-,nc        ,North Carolina                                    ,R         ,3B032698  ,-5        ,1,2
166,noc                                               ,noczbnut  ,Zeke's Basin                            ,33° 57' 16.92 N - 77° 56' 6.00 W,33.9547,77.935,Active    ,Apr 2002-,nc        ,North Carolina                                    ,,,-5        ,2,2
167,noc                                               ,noczbwq   ,Zeke's Basin                            ,33° 57' 16.92 N - 77° 56' 6.00 W,33.9547,77.935,Active    ,Mar 2002-,nc        ,North Carolina                                    ,R         ,3B04523C  ,-5        ,1,2
169,owc                                               ,owcbrnut  ,Berlin Road                             ,41° 20' 53.88 N - 82° 30' 29.88 W,41.3483,82.5083,Active    ,Mar 2002-,oh        ,Old Woman Creek                                   ,,,-5        ,2,5
170,owc                                               ,owcbrwq   ,Berlin Road                             ,41° 20' 53.88 N - 82° 30' 29.88 W,41.3483,82.5083,Active    ,Mar 2002-,oh        ,Old Woman Creek                                   ,,,-5        ,1,5
171,owc                                               ,owcolnut  ,Lower Estuary                           ,41° 22' 54.84 N - 82° 30' 51.12 W,41.3819,82.5142,Active    ,Apr 2002-,oh        ,Old Woman Creek                                   ,,,-5        ,2,5
172,owc                                               ,owcolwq   ,Lower Estuary                           ,41° 22' 54.84 N - 82° 30' 51.12 W,41.3819,82.5142,Active    ,Apr 2002-,oh        ,Old Woman Creek                                   ,,3B02849A  ,-5        ,1,5
173,owc                                               ,owcowmet  ,Old Woman Creek                         ,41° 22' 40.01 N - 82° 30' 29.00 W,41.37778,82.508056,Active    ,May 2001-,oh        ,Old Woman Creek                                   ,R         ,3B017310  ,-5        ,0,5
174,owc                                               ,owcsunut  ,State Route 2                           ,41° 22' 1.92 N - 82° 30' 25.92 W,41.3672,82.5072,Active    ,Mar 2002-,oh        ,Old Woman Creek                                   ,,,-5        ,2,5
175,owc                                               ,owcsuwq   ,State Route 2                           ,41° 22' 1.92 N - 82° 30' 25.92 W,41.3672,82.5072,Inactive  ,May 1995-Aug 2007,oh        ,Old Woman Creek                                   ,,,-5        ,1,5
176,owc                                               ,owcwmnut  ,State Route 6                           ,41° 22' 57.00 N - 82° 30' 54.00 W,41.3825,82.5150,Active    ,Mar 2002-,oh        ,Old Woman Creek                                   ,,,-5        ,2,5
177,owc                                               ,owcwmwq   ,State Route 6                           ,41° 22' 57.00 N - 82° 30' 54.00 W,41.3825,82.5150,Active    ,May 1995-,oh        ,Old Woman Creek                                   ,,,-5        ,1,5
301,owc                                               ,owcdrwq   ,Darrow Road                             ,41° 21' 53.92 N - 82° 30' 17.06 W,41.364978,82.504739,Active    ,Aug 2007,oh        ,Old Woman Creek                                   ,,,-5        ,1,5
312,owc                                               ,owcdrnut  ,Darrow Road                             , 41° 21' 53.92 N - 82° 30' 17.06 W,41.364978,82.504739,active    ,Aug 2007 - ,oh        ,Old Woman Creek                                   ,,,-5        ,2,5
311,pdb                                               ,pdbjewq   ,Joe Leary Estuary                       ,48° 31' 8.1 N - 122° 28' 29.9 W,48.518917,122.474972,Active    ,Jul 2009 -,wa        ,Padilla Bay                                       ,,,-8        ,1,7
339,pdb                                               ,pdbgdnut  ,Gong Deep                               ,48° 33' 29.88 N - 122° 34' 21.00 W,48.5583,122.5725,Active    ,Jan 2007 -,wa        ,Padilla Bay                                       ,,,-8        ,2,7
346,pdb                                               ,pdbjenut  ,Joe Leary Estuary                       ,48° 31' 8.1 N - 122° 28' 29.9 W,48.518917,122.474972,Active    ,Oct 2009 -,wa        ,Padilla Bay                                       ,,,-8        ,2,7
178,pdb                                               ,pdbbpnut  ,Ploeg Channel                           ,48° 33' 23.40 N - 122° 31' 46.56 W,48.5565,122.5296,Active    ,Feb 2002-,wa        ,Padilla Bay                                       ,,,-8        ,2,7
179,pdb                                               ,pdbbpwq   ,Ploeg Channel                           ,48° 33' 23.40 N - 122° 31' 46.56 W,48.5565,122.5296,Active    ,Jul 2001-,wa        ,Padilla Bay                                       ,R         ,3B004470  ,-8        ,1,7
180,pdb                                               ,pdbbynut  ,Bayview Channel                         ,48° 29' 46.68 N - 122° 30' 1.80 W,48.4963,122.5005,Active    ,Feb 2002-,wa        ,Padilla Bay                                       ,,,-8        ,2,7
181,pdb                                               ,pdbbywq   ,Bayview Channel                         ,48° 29' 46.68 N - 122° 30' 1.80 W,48.4963,122.5005,Active    ,Sep 1995-,wa        ,Padilla Bay                                       ,R         ,3B041136  ,-8        ,1,7
182,pdb                                               ,pdbgsnut  ,Gong Surface                            ,48° 33' 29.88 N - 122° 34' 21.00 W,48.5583,122.5725,Active    ,Apr 2003-,wa        ,Padilla Bay                                       ,,,-8        ,2,7
183,pdb                                               ,pdbgswq   ,Gong Surface                            ,48° 33' 29.88 N - 122° 34' 21.00 W,48.5583,122.5725,Active    ,Mar 2003-,wa        ,Padilla Bay                                       ,,,-8        ,1,7
184,pdb                                               ,pdbjlnut  ,Joe Leary Slough                        ,48° 31' 5.16 N - 122° 28' 22.80 W,48.5181,122.473,Inactive  ,Feb 2002-Mar 2009,wa        ,Padilla Bay                                       ,,,-8        ,2,7
185,pdb                                               ,pdbjlwq   ,Joe Leary Slough                        ,48° 31' 5.16 N - 122° 28' 22.80 W,48.5181,122.473,Inactive  ,Jun 1995-July 2009,wa        ,Padilla Bay                                       ,,,-8        ,1,7
186,pdb                                               ,pdbnnwq   ,No Name Slough                          ,48° 28' 10.20 N - 122° 28' 2.64 W,48.4695,122.4674,Inactive  ,Aug 1996-Dec 1997,wa        ,Padilla Bay                                       ,,,-8        ,1,7
187,pdb                                               ,pdbpfmet  ,Padilla Bay Farm                        ,48° 27' 49.85 N - 122° 28' 9.49 W,48.463847,122.469303,Active    ,Jan 2001-,wa        ,Padilla Bay                                       ,R         ,3B005706  ,-8        ,0,7
188,rkb                                               ,rkbbmwq   ,Big Marco Pass                          ,25° 58' 44.40 N - 81° 44' 15.00 W,25.979,81.7375,Inactive  ,Jan 1997-Feb 1998,fl        ,Rookery Bay                                       ,,,-5        ,1,4
189,rkb                                               ,rkbbrwq   ,Blackwater River                        ,25° 58' 4.08 N - 81° 35' 26.88 W,25.9678,81.5908,Inactive  ,Feb 1998-Dec 1999,fl        ,Rookery Bay                                       ,,,-5        ,1,4
190,rkb                                               ,rkbfbnut  ,Fakahatchee Bay                         ,25° 53' 31.92 N - 81° 28' 37.20 W,25.8922,81.477,Active    ,Jan 2002-,fl        ,Rookery Bay                                       ,,,-5        ,2,4
191,rkb                                               ,rkbfbwq   ,Fakahatchee Bay                         ,25° 53' 31.92 N - 81° 28' 37.20 W,25.8922,81.477,Active    ,Jan 2002-,fl        ,Rookery Bay                                       ,,,-5        ,1,4
192,rkb                                               ,rkbfunut  ,Faka Union Bay                          ,25° 54' 1.80 N - 81° 30' 57.24 W,25.9005,81.5159,Active    ,Jan 2002-,fl        ,Rookery Bay                                       ,,,-5        ,2,4
193,rkb                                               ,rkbfuwq   ,Faka Union Bay                          ,25° 54' 1.80 N - 81° 30' 57.24 W,25.9005,81.5159,Active    ,Jan 2002-,fl        ,Rookery Bay                                       ,,,-5        ,1,4
194,rkb                                               ,rkbhcmet  ,Henderson Creek                         ,26° 1' 29.64 N - 81° 43' 53.76 W,26.0249,81.7316,Inactive  ,Sep 2001-Dec 2003,fl        ,Rookery Bay                                       ,,,-5        ,0,4
195,rkb                                               ,rkblhnut  ,Lower Henderson Creek                   ,26° 1' 32.52 N - 81° 43' 59.52 W,26.0257,81.7332,Active    ,Jan 2002-,fl        ,Rookery Bay                                       ,,,-5        ,2,4
196,rkb                                               ,rkblhwq   ,Lower Henderson Creek                   ,26° 1' 32.52 N - 81° 43' 59.52 W,26.0257,81.7332,Active    ,Jan 2001-,fl        ,Rookery Bay                                       ,R         ,3B02E17C  ,-5        ,1,4
197,rkb                                               ,rkbmbnut  ,Middle Blackwater River                 ,25° 56' 3.48 N - 81° 35' 40.56 W,25.9343,81.5946,Active    ,Jan 2002-,fl        ,Rookery Bay                                       ,,,-5        ,2,4
198,rkb                                               ,rkbmbwq   ,Middle Blackwater River                 ,25° 56' 3.48 N - 81° 35' 40.56 W,25.9343,81.5946,Active    ,Jan 2000-,fl        ,Rookery Bay                                       ,,,-5        ,1,4
199,rkb                                               ,rkbuhmet  ,Upper Henderson Creek                   ,26° 3' 0.24 N - 81° 42' 6.18 W,26.050067,81.701717,Active    ,Jan 2004-,fl        ,Rookery Bay                                       ,R         ,3B01D3E8  ,-5        ,0,4
200,rkb                                               ,rkbuhwq   ,Upper Henderson Creek                   ,26° 2' 56.40 N - 81° 42' 4.32 W,26.049,81.7012,Inactive  ,Nov 1996-Dec 2000,fl        ,Rookery Bay                                       ,,,-5        ,1,4
372,rkb                                               ,rkbpbnut  ,Pumpkin Bay                             ,25° 54' 50.76 N - 81° 32' 25.44 W,25.9141,81.5404,Active    ,Oct 2012 -,FL        ,Rookery Bay                                       ,,,-5        ,2,4
201,sap                                               ,sapbcwq   ,Barn Creek                              ,31° 26' 21.12 N - 81° 16' 42.96 W,31.4392,81.2786,Inactive  ,May 1995-Dec 1997,ga        ,Sapelo Island                                     ,,,-5        ,1,2
202,sap                                               ,sapcanut  ,Cabretta Creek                          ,31° 26' 37.32 N - 81° 14' 23.64 W,31.4437,81.2399,Active    ,Aug 2004-,ga        ,Sapelo Island                                     ,,,-5        ,2,2
203,sap                                               ,sapcawq   ,Cabretta Creek                          ,31° 26' 37.32 N - 81° 14' 23.64 W,31.4437,81.2399,Active    ,Aug 2004-,ga        ,Sapelo Island                                     ,,,-5        ,1,2
205,sap                                               ,sapdcnut  ,Dean Creek                              ,31° 23' 22.56 N - 81° 16' 44.04 W,31.3896,81.2789,Active    ,May 2004-,ga        ,Sapelo Island                                     ,,,-5        ,2,2
206,sap                                               ,sapdcwq   ,Dean Creek                              ,31° 23' 22.56 N - 81° 16' 44.04 W,31.3896,81.2789,Active    ,May 2004-,ga        ,Sapelo Island                                     ,,,-5        ,1,2
207,sap                                               ,sapfdnut  ,Flume Dock                              ,31° 28' 58.08 N - 81° 16' 3.00 W,31.4828,81.2675,Inactive  ,Mar 2002-Aug 2004,ga        ,Sapelo Island                                     ,,,-5        ,2,2
208,sap                                               ,sapfdwq   ,Flume Dock                              ,31° 28' 58.08 N - 81° 16' 3.00 W,31.4828,81.2675,Inactive  ,Jan 1995-Dec 1998; Jun 2002-Aug 2004,ga        ,Sapelo Island                                     ,,,-5        ,1,2
210,sap                                               ,saphdnut  ,Hunt Dock                               ,31° 28' 42.96 N - 81° 16' 23.16 W,31.4786,81.2731,Active    ,Mar 2002-,ga        ,Sapelo Island                                     ,,,-5        ,2,2
211,sap                                               ,saphdwq   ,Hunt Dock                               ,31° 28' 42.96 N - 81° 16' 23.16 W,31.4786,81.2731,Active    ,Jul 1999-,ga        ,Sapelo Island                                     ,,,-5        ,1,2
212,sap                                               ,sapldnut  ,Lower Duplin                            ,31° 25' 3.72 N - 81° 17' 45.96 W,31.4177,81.2961,Active    ,Jan 2002-,ga        ,Sapelo Island                                     ,,,-5        ,2,2
213,sap                                               ,sapldwq   ,Lower Duplin                            ,31° 25' 3.72 N - 81° 17' 45.96 W,31.4177,81.2961,Active    ,Jan 1999-,ga        ,Sapelo Island                                     ,R         ,3B0376E4  ,-5        ,1,2
215,sap                                               ,sapmlmet  ,Marsh Landing                           ,31° 25' 4.08 N - 81° 17' 43.26 W,31.4178,81.29535,Active    ,Sep 2002-,ga        ,Sapelo Island                                     ,R         ,3B036592  ,-5        ,0,2
216,sap                                               ,sapmlnut  ,Marsh Landing                           ,31° 25' 3.72 N - 81° 17' 45.96 W,31.4177,81.2961,Inactive  ,Jan 2002-2004,ga        ,Sapelo Island                                     ,,,-5        ,2,2
217,sap                                               ,sapmlwq   ,Marsh Landing                           ,31° 25' 3.72 N - 81° 17' 45.96 W,31.4177,81.2961,Inactive  ,May 1995-Dec 1998; Jun 2002-May 2004,ga        ,Sapelo Island                                     ,,,-5        ,1,2
344,sfb                                               ,sfbfmnut  ,First Mallard                           ,38° 11' 41.70 N - 122° 1' 58.02 W,38.1949,122.0328,Active    ,May 2008 -,ca        ,San Francisco Bay                                 ,,,-8        ,2,6
345,sfb                                               ,sfbsmnut  ,Second Mallard                          ,38° 11' 02.8 N - 122° 0' 48.9 W,38.1841,122.0136,Active    ,May 2008 -,ca        ,San Francisco Bay                                 ,,,-8        ,2,6
364,sfb                                               ,sfbccnut  ,China Camp                              ,38° 0' 4.49 N - 122° 27' 37.28 W,38.0012,122.4604,Active    ,Jan 2006 -,CA        ,San Francisco Bay                                 ,,,-8        ,2,6
365,sfb                                               ,sfbgcnut  ,Gallinas Creek                          ,38° 0' 57.3 N - 122° 30' 30.6 W,38.0159,122.5085,Active    ,Jan 2006 -,CA        ,San Francisco Bay                                 ,,,-8        ,2,6
303,sfb                                               ,sfbfmwq   ,First Mallard                           ,38° 11' 41.70 N - 122° 1' 58.02 W,38.1949,122.0328,Active    ,May 2008-,ca        ,San Francisco Bay                                 ,R         ,3B04E1B2  ,-8        ,1,6
304,sfb                                               ,sfbsmwq   ,Second Mallard                          ,38° 11' 02.8 N - 122° 0' 48.9 W,38.1841,122.0136,Active    ,May 2008-,ca        ,San Francisco Bay                                 ,R         ,3B0500BA  ,-8        ,1,6
305,sfb                                               ,sfbgcwq   ,Gallinas Creek                          ,38° 00' 57.3 N - 122° 30' 30.6 W,38.0159,122.5085,Active    ,Dec 2005-,ca        ,San Francisco Bay                                 ,R         ,3B0513CC  ,-8        ,1,6
289,sfb                                               ,sfbrrmet  ,Rush Ranch                              ,38° 12' 01.6 N - 122° 1' 35.3 W,38.2004,122.0265,Active    ,Aug 2006,ca        ,San Francisco Bay                                 ,R         ,3B016066  ,-8        ,0,6
290,sfb                                               ,sfbccwq   ,China Camp                              ,38° 0' 4.49 N - 122° 27' 37.28 W,38.0012,122.4604,Active    ,Dec 2006-,ca        ,San Francisco Bay                                 ,R         ,3B02741E  ,-8        ,1,6
348,sos                                               ,sosecwq   ,Elliot Creek                            ,43 17 47.40 N - 124 18 39.62 W,43.296501,124.310729,Active    ,May 2012 -,OR        ,South Slough                                      ,R         ,3B0437DA  ,-8        ,1,6
219,sos                                               ,sosbhnut  ,Boathouse                               ,43° 21' 0.36 N - 124° 19' 42.96 W,43.3501,124.3286,Active    ,Mar 2003-,or        ,South Slough                                      ,,,-8        ,2,7
220,sos                                               ,soschnut  ,Charleston Bridge                       ,43° 20' 15.72 N - 124° 19' 13.92 W,43.3377,124.320533,Active    ,Jun 2002-,or        ,South Slough                                      ,,,-8        ,2,7
221,sos                                               ,soschwq   ,Charleston Bridge                       ,43° 20' 15.72 N - 124° 19' 13.92 W,43.3377,124.320533,Active    ,Apr 2002-,or        ,South Slough                                      ,R         ,3B002196  ,-8        ,1,7
222,sos                                               ,soscmmet  ,Charleston Met. Station                 ,43° 20' 42.18 N - 124° 19' 43.44 W,43.34505,124.328733,Active    ,Aug 2001-,or        ,South Slough                                      ,R         ,3B0032E0  ,-8        ,0,7
223,sos                                               ,soscsnut  ,Charleston Bridge Surface               ,43° 20' 42.36 N - 124° 19' 43.32 W,43.3451,124.3287,Inactive  ,Nov 2002-July 2003,or        ,South Slough                                      ,,,-8        ,2,7
224,sos                                               ,sossewq   ,Sengstacken Arm                         ,43° 17' 22.86 N - 124° 18' 9.42 W,43.289683,124.302617,Inactive  ,Apr 1995-Jun 2012,or        ,South Slough                                      ,,3B0437DA  ,-8        ,1,7
225,sos                                               ,sosvanut  ,Valino Island                           ,43° 19' 1.98 N - 124° 19' 17.88 W,43.317217,124.321633,Active    ,Jun 2002-,or        ,South Slough                                      ,,,-8        ,2,7
226,sos                                               ,sosvawq   ,Valino Island                           ,43° 19' 1.98 N - 124° 19' 17.88 W,43.317217,124.321633,Active    ,Jun 1999-,or        ,South Slough                                      ,R         ,3B03F0F0  ,-8        ,1,7
227,sos                                               ,soswinut  ,Winchester Arm                          ,43° 16' 56.70 N - 124° 19' 13.14 W,43.282417,124.320317,Active    ,Jun 2002-,or        ,South Slough                                      ,,,-8        ,2,7
228,sos                                               ,soswiwq   ,Winchester Arm                          ,43° 16' 56.70 N - 124° 19' 13.14 W,43.282417,124.320317,Active    ,Apr 1995-,or        ,South Slough                                      ,R         ,3B04414A  ,-8        ,1,7
229,tjr                                               ,tjrbrwq   ,Boca Rio                                ,32° 33' 34.20 N - 117° 7' 43.68 W,32.5595,117.1288,Active    ,Dec 2004-,ca        ,Tijuana River                                     ,,,-8        ,1,6
230,tjr                                               ,tjrhpnut  ,Helicopter Pad                          ,32° 33' 31.46 N - 117° 7' 9.34 W,32.55874,117.11926,Inactive  ,Sep 2002-Sep 2002,ca        ,Tijuana River                                     ,,,-8        ,2,6
231,tjr                                               ,tjrmmnut  ,Model Marsh                             ,32° 32' 52.08 N - 117° 7' 22.80 W,32.5478,117.123,Inactive  ,Sep 2002-July 2008,ca        ,Tijuana River                                     ,,,-8        ,2,6
232,tjr                                               ,tjrmmwq   ,Model Marsh                             ,32° 32' 52.08 N - 117° 7' 22.80 W,32.5478,117.123,Inactive  ,Oct 2000-Jan 2008,ca        ,Tijuana River                                     ,,,-8        ,1,6
233,tjr                                               ,tjrosnut  ,Oneonta Slough                          ,32° 34' 5.84 N - 117° 7' 52.57 W,32.56829,117.13127,Active    ,Sep 2002-,ca        ,Tijuana River                                     ,,,-8        ,2,6
234,tjr                                               ,tjroswq   ,Oneonta Slough                          ,32° 34' 5.84 N - 117° 7' 52.57 W,32.56829,117.13127,Active    ,Jan 1996-,ca        ,Tijuana River                                     ,R         ,3B0252F2  ,-8        ,1,6
235,tjr                                               ,tjrrcnut  ,River Channel                           ,32° 33' 28.08 N - 117° 6' 21.96 W,32.5578,117.1061,Inactive  ,Sep 2002-Nov 2005,ca        ,Tijuana River                                     ,,,-8        ,2,6
236,tjr                                               ,tjrrcwq   ,River Channel                           ,32° 33' 28.08 N - 117° 6' 21.96 W,32.5578,117.1061,Inactive  ,Aug 2002-Nov 2004,ca        ,Tijuana River                                     ,,,-8        ,1,6
237,tjr                                               ,tjrrmnut  ,River Mouth                             ,32° 33' 13.32 N - 117° 7' 34.32 W,32.5537,117.1262,Inactive  ,Sep 2002-Dec 2002,ca        ,Tijuana River                                     ,,,-8        ,2,6
238,tjr                                               ,tjrtlmet  ,Tidal Linkage                           ,32° 34' 28.20 N - 117° 7' 37.20 W,32.5745,117.127,Active    ,Jan 2001-,ca        ,Tijuana River                                     ,R         ,3B01468A  ,-8        ,0,6
239,tjr                                               ,tjrtlnut  ,Tidal Linkage                           ,32° 34' 27.84 N - 117° 7' 37.92 W,32.5744,117.1272,Inactive  ,Sep 2002-Dec 2007,ca        ,Tijuana River                                     ,,,-8        ,2,6
240,tjr                                               ,tjrtlwq   ,Tidal Linkage                           ,32° 34' 27.84 N - 117° 7' 37.92 W,32.5744,117.1272,Inactive  ,May 1997-Oct 2007,ca        ,Tijuana River                                     ,,,-8        ,1,6
300,tjr                                               ,tjrsbwq   ,South Bay                               ,32° 36' 0.49 N - 117° 6' 56.49 W,32.600136,117.115692,Active    ,Dec 2007-,ca        ,Tijuana River                                     ,,,-8        ,1,6
298,tjr                                               ,tjrbrnut  ,Boca Rio                                ,32° 33' 34.20 N - 117° 7' 43.68 W,32.5595,117.1288,Active    ,Dec 2004-,ca        ,Tijuana River                                     ,,,-8        ,2,6
307,tjr                                               ,tjrpewq   ,Pond Eleven                             ,32° 35' 46.03 N - 117° 07' 5.59 W,32.59612,117.11822,Active    ,Aug 2008 -,ca        ,Tijuana River                                     ,,,-8        ,1,6
342,tjr                                               ,tjrsbnut  ,South Bay                               ,32° 36' 0.49 N - 117° 6' 56.49 W,32.600136,117.115692,Active    ,Jan 2008 -,ca        ,Tijuana River                                     ,,,-8        ,2,6
343,tjr                                               ,tjrpenut  ,Pond Eleven                             ,32° 35' 46.03 N - 117° 7' 5.59 W,32.59612,117.11822,Active    ,Jul 2008-,ca        ,Tijuana River                                     ,,,-8        ,2,6
297,wel                                               ,welsmnut  ,Skinner Mill                            ,43° 20' 40.96 N - 70° 32' 57.18 W,43.344711,70.549217,Active    ,Apr 2004-,me        ,Wells                                             ,,,-5        ,2,0
241,wel                                               ,weldnwq   ,Drake Island Downstream                 ,43° 19' 44.04 N - 70° 33' 37.08 W,43.3289,70.5603,Inactive  ,Apr 1996-Dec 1997,me        ,Wells                                             ,,,-5        ,1,0
242,wel                                               ,welhtnut  ,Head of Tide                            ,43° 17' 54.05 N - 70° 35' 13.54 W,43.298347,70.587094,Active    ,May 2002-,me        ,Wells                                             ,,,-5        ,2,0
243,wel                                               ,welhtwq   ,Head of Tide                            ,43° 17' 54.05 N - 70° 35' 13.54 W,43.298347,70.587094,Active    ,Apr 1995-,me        ,Wells                                             ,,,-5        ,1,0
244,wel                                               ,welinnut  ,Inlet                                   ,43° 19' 12.32 N - 70° 33' 48.39 W,43.320089,70.563442,Active    ,May 2002-,me        ,Wells                                             ,,,-5        ,2,0
245,wel                                               ,welinwq   ,Inlet                                   ,43° 19' 12.32 N - 70° 33' 48.39 W,43.320089,70.563442,Active    ,May 1995-,me        ,Wells                                             ,,,-5        ,1,0
246,wel                                               ,wellfmet  ,Laudholm Farm                           ,43° 20' 14.64 N - 70° 32' 60.00 W,43.337375,70.549444,Active    ,Jan 2001-,me        ,Wells                                             ,R         ,3B024184  ,-5        ,0,0
247,wel                                               ,wellmnut  ,Little River Mouth                      ,43° 20' 24.55 N - 70° 32' 26.17 W,43.340153,70.540603,Active    ,May 2002-,me        ,Wells                                             ,,,-5        ,2,0
248,wel                                               ,wellmwq   ,Little River Mouth                      ,43° 20' 24.55 N - 70° 32' 26.17 W,43.340153,70.540603,Active    ,Apr 2002-,me        ,Wells                                             ,,,-5        ,1,0
249,wel                                               ,welmlnut  ,Mile Road                               ,43° 18' 18.00 N - 70° 34' 35.04 W,43.305,70.5764,Inactive  ,May 2002-2003,me        ,Wells                                             ,,,-5        ,2,0
250,wel                                               ,welmlwq   ,Mile Road                               ,43° 18' 18.00 N - 70° 34' 35.04 W,43.305,70.5764,Inactive  ,Mar 2002-Dec 2003,me        ,Wells                                             ,,,-5        ,1,0
251,wel                                               ,welsmwq   ,Skinner Mill                            ,43° 20' 40.96 N - 70° 32' 57.18 W,43.344711,70.549217,Active    ,Apr 2004-,me        ,Wells                                             ,R         ,3B035008  ,-5        ,1,0
252,wel                                               ,welupwq   ,Drake Island Upstream                   ,43° 19' 50.16 N - 70° 33' 25.92 W,43.3306,70.5572,Inactive  ,Apr 1996-Dec 1997,me        ,Wells                                             ,,,-5        ,1,0
253,wkb                                               ,wkbfrnut  ,Fish River                              ,30° 24' 58.32 N - 87° 49' 22.08 W,30.4162,87.8228,Active    ,Feb 2002-,al        ,Weeks Bay                                         ,,,-6        ,2,4
254,wkb                                               ,wkbfrwq   ,Fish River                              ,30° 24' 58.32 N - 87° 49' 22.08 W,30.4162,87.8228,Active    ,Oct 1995-,al        ,Weeks Bay                                         ,R         ,3B02B100  ,-6        ,1,4
255,wkb                                               ,wkbmbnut  ,Middle Bay                              ,30° 23' 45.96 N - 87° 50' 0.60 W,30.3961,87.8335,Active    ,Feb 2002-,al        ,Weeks Bay                                         ,,,-6        ,2,4
256,wkb                                               ,wkbmbwq   ,Middle Bay                              ,30° 23' 45.96 N - 87° 50' 0.60 W,30.3961,87.8335,Active    ,May 2003-,al        ,Weeks Bay                                         ,,,-6        ,1,4
257,wkb                                               ,wkbmrnut  ,Magnolia River                          ,30° 23' 24.00 N - 87° 49' 3.72 W,30.39,87.8177,Active    ,Feb 2002-,al        ,Weeks Bay                                         ,,,-6        ,2,4
258,wkb                                               ,wkbmrwq   ,Magnolia River                          ,30° 23' 24.00 N - 87° 49' 3.72 W,30.39,87.8177,Active    ,May 2003-,al        ,Weeks Bay                                         ,,,-6        ,1,4
259,wkb                                               ,wkbwbmet  ,Weeks Bay                               ,30° 24' 53.28 N - 87° 49' 33.60 W,30.4148,87.826,Inactive  ,Jan 2001-Jan 2008,al        ,Weeks Bay                                         ,,,-6        ,0,4
260,wkb                                               ,wkbwbnut  ,Weeks Bay                               ,30° 22' 50.88 N - 87° 49' 55.20 W,30.3808,87.832,Active    ,Feb 2002-,al        ,Weeks Bay                                         ,,,-6        ,2,4
261,wkb                                               ,wkbwbwq   ,Weeks Bay                               ,30° 22' 50.88 N - 87° 49' 55.20 W,30.3808,87.832,Active    ,Oct 1995-,al        ,Weeks Bay                                         ,,,-6        ,1,4
262,wkb                                               ,wkbwsnut  ,Weather Station                         ,30° 24' 53.32 N - 87° 49' 33.60 W,30.41481,87.826,Inactive  ,Nov 2002-Dec 2004,al        ,Weeks Bay                                         ,,,-6        ,2,4
306,wkb                                               ,wkbshmet  ,Safe Harbor Met Station                 ,30° 25' 16.40 N - 87° 49' 42.50 W,30.4212,87.8285,Active    ,Jan 2008-,al        ,Weeks Bay                                         ,R         ,3B01A578  ,-6        ,0,4
263,wqb                                               ,wqbcbwq   ,Central Basin                           ,41° 33' 55.80 N - 70° 31' 15.96 W,41.5655,70.5211,Inactive  ,Oct 1995-Dec 1998,ma        ,Waquoit Bay                                       ,,,-5        ,1,0
264,wqb                                               ,wqbchmet  ,Carriage House                          ,41° 34' 54.12 N - 70° 31' 30.36 W,41.5817,70.5251,Active    ,Jan 2002-,ma        ,Waquoit Bay                                       ,R         ,3B022462  ,-5        ,0,0
265,wqb                                               ,wqbcrnut  ,Childs River                            ,41° 34' 47.28 N - 70° 31' 51.24 W,41.5798,70.5309,Active    ,Jul 2002-,ma        ,Waquoit Bay                                       ,,,-5        ,2,0
266,wqb                                               ,wqbcrwq   ,Childs River                            ,41° 34' 47.28 N - 70° 31' 51.24 W,41.5798,70.5309,Active    ,May 2002-,ma        ,Waquoit Bay                                       ,,3B04A2B8  ,-5        ,1,0
267,wqb                                               ,wqbctwq   ,Adjacent to Central Basin               ,41° 33' 55.80 N - 70° 31' 15.96 W,41.5655,70.5211,Inactive  ,Sep 1998-Oct 1998,ma        ,Waquoit Bay                                       ,,,-5        ,1,0
268,wqb                                               ,wqbmhnut  ,Menauhant                               ,41° 33' 9.36 N - 70° 32' 54.60 W,41.5526,70.5485,Active    ,Jul 2002-,ma        ,Waquoit Bay                                       ,,,-5        ,2,0
269,wqb                                               ,wqbmhwq   ,Menauhant                               ,41° 33' 9.36 N - 70° 32' 54.60 W,41.5526,70.5485,Active    ,Mar 2001-,ma        ,Waquoit Bay                                       ,R         ,3B030074  ,-5        ,1,0
270,wqb                                               ,wqbmpnut  ,Metoxit Point                           ,41° 34' 8.04 N - 70° 31' 17.76 W,41.5689,70.5216,Active    ,Jul 2002-,ma        ,Waquoit Bay                                       ,,,-5        ,2,0
271,wqb                                               ,wqbmpwq   ,Metoxit Point                           ,41° 34' 8.04 N - 70° 31' 17.76 W,41.5689,70.5216,Active    ,Nov 1998-,ma        ,Waquoit Bay                                       ,,,-5        ,1,0
272,wqb                                               ,wqbnbwq   ,North Basin                             ,41° 34' 43.68 N - 70° 31' 25.32 W,41.5788,70.5237,Inactive  ,Oct 1995-Dec 1997,ma        ,Waquoit Bay                                       ,,,-5        ,1,0
273,wqb                                               ,wqbnswq   ,North Basin Surface                     ,41° 34' 43.68 N - 70° 31' 25.32 W,41.5788,70.5237,Inactive  ,Jul 1996-Jul 1996; Jul 1997-Dec 1997,ma        ,Waquoit Bay                                       ,,,-5        ,1,0
274,wqb                                               ,wqbslnut  ,Sage Lot                                ,41° 33' 15.12 N - 70° 30' 36.72 W,41.5542,70.5102,Active    ,Jul 2002-,ma        ,Waquoit Bay                                       ,,,-5        ,2,0
275,wqb                                               ,wqbslwq   ,Sage Lot                                ,41° 33' 15.12 N - 70° 30' 36.72 W,41.5542,70.5102,Active    ,May 2002-,ma        ,Waquoit Bay                                       ,,,-5        ,1,0
